{
    "affinity_pred_value": 0.905377984046936,
    "affinity_probability_binary": 0.3759666979312897,
    "affinity_pred_value1": 1.102083444595337,
    "affinity_probability_binary1": 0.32358941435813904,
    "affinity_pred_value2": 0.7086725831031799,
    "affinity_probability_binary2": 0.4283439815044403
}