{
    "confidence_score": 0.8212027549743652,
    "ptm": 0.8979468941688538,
    "iptm": 0.7833020091056824,
    "ligand_iptm": 0.7833020091056824,
    "protein_iptm": 0.0,
    "complex_plddt": 0.8306779265403748,
    "complex_iplddt": 0.7064224481582642,
    "complex_pde": 0.7823100090026855,
    "complex_ipde": 3.2037720680236816,
    "chains_ptm": {
        "0": 0.905266523361206,
        "1": 0.9231676459312439
    },
    "pair_chains_iptm": {
        "0": {
            "0": 0.905266523361206,
            "1": 0.36415719985961914
        },
        "1": {
            "0": 0.7833020091056824,
            "1": 0.9231676459312439
        }
    }
}