{
    "affinity_pred_value": 0.43374142050743103,
    "affinity_probability_binary": 0.13649103045463562,
    "affinity_pred_value1": 0.2937612533569336,
    "affinity_probability_binary1": 0.07441139966249466,
    "affinity_pred_value2": 0.5737215876579285,
    "affinity_probability_binary2": 0.19857065379619598
}