{
    "confidence_score": 0.856248676776886,
    "ptm": 0.8531410098075867,
    "iptm": 0.7569994330406189,
    "ligand_iptm": 0.7569994330406189,
    "protein_iptm": 0.0,
    "complex_plddt": 0.8810610175132751,
    "complex_iplddt": 0.6972269415855408,
    "complex_pde": 0.639277994632721,
    "complex_ipde": 3.493396043777466,
    "chains_ptm": {
        "0": 0.8680456876754761,
        "1": 0.8619218468666077
    },
    "pair_chains_iptm": {
        "0": {
            "0": 0.8680456876754761,
            "1": 0.34231850504875183
        },
        "1": {
            "0": 0.7569994330406189,
            "1": 0.8619218468666077
        }
    }
}