{
    "affinity_pred_value": 0.11714589595794678,
    "affinity_probability_binary": 0.7572574615478516,
    "affinity_pred_value1": -0.3621092438697815,
    "affinity_probability_binary1": 0.893062174320221,
    "affinity_pred_value2": 0.596401035785675,
    "affinity_probability_binary2": 0.621452808380127
}