{
    "confidence_score": 0.9202589392662048,
    "ptm": 0.9522581100463867,
    "iptm": 0.9503540396690369,
    "ligand_iptm": 0.9503540396690369,
    "protein_iptm": 0.0,
    "complex_plddt": 0.9127351641654968,
    "complex_iplddt": 0.9025136232376099,
    "complex_pde": 0.4207707345485687,
    "complex_ipde": 0.8108904957771301,
    "chains_ptm": {
        "0": 0.9526264071464539,
        "1": 0.9247198700904846
    },
    "pair_chains_iptm": {
        "0": {
            "0": 0.9526264071464539,
            "1": 0.557766854763031
        },
        "1": {
            "0": 0.9503540396690369,
            "1": 0.9247198700904846
        }
    }
}