{
    "affinity_pred_value": 1.6837290525436401,
    "affinity_probability_binary": 0.12164570391178131,
    "affinity_pred_value1": 1.9661954641342163,
    "affinity_probability_binary1": 0.09054189920425415,
    "affinity_pred_value2": 1.401262640953064,
    "affinity_probability_binary2": 0.15274950861930847
}