{
    "confidence_score": 0.8226944208145142,
    "ptm": 0.7778511047363281,
    "iptm": 0.8025777339935303,
    "ligand_iptm": 0.8025777339935303,
    "protein_iptm": 0.0,
    "complex_plddt": 0.8277236223220825,
    "complex_iplddt": 0.4732625186443329,
    "complex_pde": 0.9928714036941528,
    "complex_ipde": 5.402598857879639,
    "chains_ptm": {
        "0": 0.8062350749969482,
        "1": 0.8872030377388
    },
    "pair_chains_iptm": {
        "0": {
            "0": 0.8062350749969482,
            "1": 0.3569678068161011
        },
        "1": {
            "0": 0.8025777339935303,
            "1": 0.8872030377388
        }
    }
}