{
    "affinity_pred_value": -0.4347606301307678,
    "affinity_probability_binary": 0.17452019453048706,
    "affinity_pred_value1": -0.07605406641960144,
    "affinity_probability_binary1": 0.15916046500205994,
    "affinity_pred_value2": -0.7934671640396118,
    "affinity_probability_binary2": 0.18987993896007538
}