{
    "confidence_score": 0.8379696011543274,
    "ptm": 0.7679335474967957,
    "iptm": 0.7743968367576599,
    "ligand_iptm": 0.7743968367576599,
    "protein_iptm": 0.0,
    "complex_plddt": 0.8538627624511719,
    "complex_iplddt": 0.6498238444328308,
    "complex_pde": 0.9032171964645386,
    "complex_ipde": 4.197080612182617,
    "chains_ptm": {
        "0": 0.7982620000839233,
        "1": 0.8587468862533569
    },
    "pair_chains_iptm": {
        "0": {
            "0": 0.7982620000839233,
            "1": 0.2550991475582123
        },
        "1": {
            "0": 0.7743968367576599,
            "1": 0.8587468862533569
        }
    }
}