{
    "affinity_pred_value": 0.36845001578330994,
    "affinity_probability_binary": 0.13234420120716095,
    "affinity_pred_value1": 0.668110728263855,
    "affinity_probability_binary1": 0.1748969852924347,
    "affinity_pred_value2": 0.0687892884016037,
    "affinity_probability_binary2": 0.08979140967130661
}