{
    "confidence_score": 0.8779234290122986,
    "ptm": 0.9580720067024231,
    "iptm": 0.9378707408905029,
    "ligand_iptm": 0.9378707408905029,
    "protein_iptm": 0.0,
    "complex_plddt": 0.8629365563392639,
    "complex_iplddt": 0.7305019497871399,
    "complex_pde": 0.40869301557540894,
    "complex_ipde": 0.8251856565475464,
    "chains_ptm": {
        "0": 0.9605060815811157,
        "1": 0.9199981093406677
    },
    "pair_chains_iptm": {
        "0": {
            "0": 0.9605060815811157,
            "1": 0.6408563852310181
        },
        "1": {
            "0": 0.9378707408905029,
            "1": 0.9199981093406677
        }
    }
}