{
    "affinity_pred_value": 2.359260320663452,
    "affinity_probability_binary": 0.36970627307891846,
    "affinity_pred_value1": 2.6757822036743164,
    "affinity_probability_binary1": 0.4700968861579895,
    "affinity_pred_value2": 2.042738437652588,
    "affinity_probability_binary2": 0.2693156599998474
}