{
    "confidence_score": 0.8829782605171204,
    "ptm": 0.8844707012176514,
    "iptm": 0.9212074875831604,
    "ligand_iptm": 0.9212074875831604,
    "protein_iptm": 0.0,
    "complex_plddt": 0.8734208941459656,
    "complex_iplddt": 0.7347474694252014,
    "complex_pde": 0.5045944452285767,
    "complex_ipde": 1.3285675048828125,
    "chains_ptm": {
        "0": 0.8823307752609253,
        "1": 0.8906390070915222
    },
    "pair_chains_iptm": {
        "0": {
            "0": 0.8823307752609253,
            "1": 0.5763000845909119
        },
        "1": {
            "0": 0.9212074875831604,
            "1": 0.8906390070915222
        }
    }
}