{
    "affinity_pred_value": 1.8497564792633057,
    "affinity_probability_binary": 0.3126183748245239,
    "affinity_pred_value1": 1.6525958776474,
    "affinity_probability_binary1": 0.27563831210136414,
    "affinity_pred_value2": 2.046917200088501,
    "affinity_probability_binary2": 0.3495984375476837
}