{
    "confidence_score": 0.8886677622795105,
    "ptm": 0.7849730849266052,
    "iptm": 0.9143871068954468,
    "ligand_iptm": 0.9143871068954468,
    "protein_iptm": 0.0,
    "complex_plddt": 0.8822379112243652,
    "complex_iplddt": 0.8250120878219604,
    "complex_pde": 0.7300964593887329,
    "complex_ipde": 2.137037754058838,
    "chains_ptm": {
        "0": 0.7756317853927612,
        "1": 0.9030674695968628
    },
    "pair_chains_iptm": {
        "0": {
            "0": 0.7756317853927612,
            "1": 0.41268453001976013
        },
        "1": {
            "0": 0.9143871068954468,
            "1": 0.9030674695968628
        }
    }
}