{
    "affinity_pred_value": 1.041425347328186,
    "affinity_probability_binary": 0.14106513559818268,
    "affinity_pred_value1": 0.5114886164665222,
    "affinity_probability_binary1": 0.09828297048807144,
    "affinity_pred_value2": 1.571362018585205,
    "affinity_probability_binary2": 0.1838473081588745
}