{
    "confidence_score": 0.8478652238845825,
    "ptm": 0.8690251111984253,
    "iptm": 0.8808876276016235,
    "ligand_iptm": 0.8808876276016235,
    "protein_iptm": 0.0,
    "complex_plddt": 0.8396095633506775,
    "complex_iplddt": 0.48646479845046997,
    "complex_pde": 0.4663659632205963,
    "complex_ipde": 1.390169382095337,
    "chains_ptm": {
        "0": 0.8706477284431458,
        "1": 0.8685920238494873
    },
    "pair_chains_iptm": {
        "0": {
            "0": 0.8706477284431458,
            "1": 0.38822436332702637
        },
        "1": {
            "0": 0.8808876276016235,
            "1": 0.8685920238494873
        }
    }
}