{
    "affinity_pred_value": 1.300534963607788,
    "affinity_probability_binary": 0.13792684674263,
    "affinity_pred_value1": 0.6476963758468628,
    "affinity_probability_binary1": 0.16014665365219116,
    "affinity_pred_value2": 1.9533735513687134,
    "affinity_probability_binary2": 0.11570703238248825
}