{
    "confidence_score": 0.8694657683372498,
    "ptm": 0.8285305500030518,
    "iptm": 0.8358983993530273,
    "ligand_iptm": 0.8358983993530273,
    "protein_iptm": 0.0,
    "complex_plddt": 0.8778575658798218,
    "complex_iplddt": 0.7225568890571594,
    "complex_pde": 0.5924627780914307,
    "complex_ipde": 2.6959216594696045,
    "chains_ptm": {
        "0": 0.8391996622085571,
        "1": 0.9126084446907043
    },
    "pair_chains_iptm": {
        "0": {
            "0": 0.8391996622085571,
            "1": 0.2362617403268814
        },
        "1": {
            "0": 0.8358983993530273,
            "1": 0.9126084446907043
        }
    }
}