{
    "affinity_pred_value": 0.27950161695480347,
    "affinity_probability_binary": 0.09626731276512146,
    "affinity_pred_value1": -0.15882307291030884,
    "affinity_probability_binary1": 0.05907897651195526,
    "affinity_pred_value2": 0.7178263068199158,
    "affinity_probability_binary2": 0.13345564901828766
}