{
    "confidence_score": 0.8880038261413574,
    "ptm": 0.8748457431793213,
    "iptm": 0.8996045589447021,
    "ligand_iptm": 0.8996045589447021,
    "protein_iptm": 0.0,
    "complex_plddt": 0.8851036429405212,
    "complex_iplddt": 0.7113635540008545,
    "complex_pde": 0.4463592767715454,
    "complex_ipde": 1.602670431137085,
    "chains_ptm": {
        "0": 0.8739540576934814,
        "1": 0.9099417328834534
    },
    "pair_chains_iptm": {
        "0": {
            "0": 0.8739540576934814,
            "1": 0.44865426421165466
        },
        "1": {
            "0": 0.8996045589447021,
            "1": 0.9099417328834534
        }
    }
}