{
    "affinity_pred_value": 1.0521074533462524,
    "affinity_probability_binary": 0.10708381980657578,
    "affinity_pred_value1": 0.21354621648788452,
    "affinity_probability_binary1": 0.14576540887355804,
    "affinity_pred_value2": 1.8906687498092651,
    "affinity_probability_binary2": 0.0684022307395935
}