{
    "confidence_score": 0.8936254382133484,
    "ptm": 0.8684508204460144,
    "iptm": 0.8819221258163452,
    "ligand_iptm": 0.8819221258163452,
    "protein_iptm": 0.0,
    "complex_plddt": 0.896551251411438,
    "complex_iplddt": 0.7396238446235657,
    "complex_pde": 0.4474424123764038,
    "complex_ipde": 2.0805277824401855,
    "chains_ptm": {
        "0": 0.868889570236206,
        "1": 0.9556695818901062
    },
    "pair_chains_iptm": {
        "0": {
            "0": 0.868889570236206,
            "1": 0.3739514946937561
        },
        "1": {
            "0": 0.8819221258163452,
            "1": 0.9556695818901062
        }
    }
}