{
    "affinity_pred_value": -0.47676244378089905,
    "affinity_probability_binary": 0.14221979677677155,
    "affinity_pred_value1": -1.03003990650177,
    "affinity_probability_binary1": 0.19941549003124237,
    "affinity_pred_value2": 0.07651503384113312,
    "affinity_probability_binary2": 0.08502409607172012
}