{
    "confidence_score": 0.8463188409805298,
    "ptm": 0.8349888324737549,
    "iptm": 0.8655093312263489,
    "ligand_iptm": 0.8655093312263489,
    "protein_iptm": 0.0,
    "complex_plddt": 0.8415212035179138,
    "complex_iplddt": 0.6566018462181091,
    "complex_pde": 0.6905486583709717,
    "complex_ipde": 2.0706613063812256,
    "chains_ptm": {
        "0": 0.8321864008903503,
        "1": 0.8726325035095215
    },
    "pair_chains_iptm": {
        "0": {
            "0": 0.8321864008903503,
            "1": 0.559273362159729
        },
        "1": {
            "0": 0.8655093312263489,
            "1": 0.8726325035095215
        }
    }
}