{
    "affinity_pred_value": 1.795470952987671,
    "affinity_probability_binary": 0.11941260099411011,
    "affinity_pred_value1": 2.1398448944091797,
    "affinity_probability_binary1": 0.07993868738412857,
    "affinity_pred_value2": 1.4510968923568726,
    "affinity_probability_binary2": 0.15888650715351105
}