{
    "confidence_score": 0.8320423364639282,
    "ptm": 0.9195168614387512,
    "iptm": 0.8251678943634033,
    "ligand_iptm": 0.8251678943634033,
    "protein_iptm": 0.0,
    "complex_plddt": 0.8337609171867371,
    "complex_iplddt": 0.6252599358558655,
    "complex_pde": 0.6013615131378174,
    "complex_ipde": 2.007579803466797,
    "chains_ptm": {
        "0": 0.9261942505836487,
        "1": 0.9026251435279846
    },
    "pair_chains_iptm": {
        "0": {
            "0": 0.9261942505836487,
            "1": 0.3552713394165039
        },
        "1": {
            "0": 0.8251678943634033,
            "1": 0.9026251435279846
        }
    }
}