{
    "affinity_pred_value": 2.2565464973449707,
    "affinity_probability_binary": 0.1339830905199051,
    "affinity_pred_value1": 2.2043676376342773,
    "affinity_probability_binary1": 0.10944481194019318,
    "affinity_pred_value2": 2.308725357055664,
    "affinity_probability_binary2": 0.158521369099617
}