{
    "confidence_score": 0.8767091631889343,
    "ptm": 0.92890465259552,
    "iptm": 0.874808669090271,
    "ligand_iptm": 0.874808669090271,
    "protein_iptm": 0.0,
    "complex_plddt": 0.877184271812439,
    "complex_iplddt": 0.782504141330719,
    "complex_pde": 0.5560476183891296,
    "complex_ipde": 1.7539721727371216,
    "chains_ptm": {
        "0": 0.9341526031494141,
        "1": 0.9063247442245483
    },
    "pair_chains_iptm": {
        "0": {
            "0": 0.9341526031494141,
            "1": 0.44859907031059265
        },
        "1": {
            "0": 0.874808669090271,
            "1": 0.9063247442245483
        }
    }
}