{
    "affinity_pred_value": 2.357457160949707,
    "affinity_probability_binary": 0.08861558139324188,
    "affinity_pred_value1": 2.3423709869384766,
    "affinity_probability_binary1": 0.04766508936882019,
    "affinity_pred_value2": 2.3725433349609375,
    "affinity_probability_binary2": 0.12956607341766357
}