{
    "confidence_score": 0.8960017561912537,
    "ptm": 0.8673996925354004,
    "iptm": 0.8483958840370178,
    "ligand_iptm": 0.8483958840370178,
    "protein_iptm": 0.0,
    "complex_plddt": 0.9079031348228455,
    "complex_iplddt": 0.826562225818634,
    "complex_pde": 0.46595850586891174,
    "complex_ipde": 2.126830577850342,
    "chains_ptm": {
        "0": 0.8704466819763184,
        "1": 0.9021177887916565
    },
    "pair_chains_iptm": {
        "0": {
            "0": 0.8704466819763184,
            "1": 0.32186153531074524
        },
        "1": {
            "0": 0.8483958840370178,
            "1": 0.9021177887916565
        }
    }
}