{
    "affinity_pred_value": 0.31473663449287415,
    "affinity_probability_binary": 0.08262679725885391,
    "affinity_pred_value1": 0.5484786033630371,
    "affinity_probability_binary1": 0.07509340345859528,
    "affinity_pred_value2": 0.08099468052387238,
    "affinity_probability_binary2": 0.09016019105911255
}