{
    "confidence_score": 0.9079742431640625,
    "ptm": 0.8685958385467529,
    "iptm": 0.8748178482055664,
    "ligand_iptm": 0.8748178482055664,
    "protein_iptm": 0.0,
    "complex_plddt": 0.9162633419036865,
    "complex_iplddt": 0.8387017846107483,
    "complex_pde": 0.4637490510940552,
    "complex_ipde": 1.5592358112335205,
    "chains_ptm": {
        "0": 0.8698555827140808,
        "1": 0.8793584704399109
    },
    "pair_chains_iptm": {
        "0": {
            "0": 0.8698555827140808,
            "1": 0.48509517312049866
        },
        "1": {
            "0": 0.8748178482055664,
            "1": 0.8793584704399109
        }
    }
}