{
    "affinity_pred_value": -0.34443581104278564,
    "affinity_probability_binary": 0.22407156229019165,
    "affinity_pred_value1": -0.441853791475296,
    "affinity_probability_binary1": 0.2759067416191101,
    "affinity_pred_value2": -0.24701786041259766,
    "affinity_probability_binary2": 0.172236368060112
}