{
    "confidence_score": 0.844375729560852,
    "ptm": 0.9003428220748901,
    "iptm": 0.8071442246437073,
    "ligand_iptm": 0.8071442246437073,
    "protein_iptm": 0.0,
    "complex_plddt": 0.853683590888977,
    "complex_iplddt": 0.7244052290916443,
    "complex_pde": 0.7205314040184021,
    "complex_ipde": 2.3673343658447266,
    "chains_ptm": {
        "0": 0.9142033457756042,
        "1": 0.8682432770729065
    },
    "pair_chains_iptm": {
        "0": {
            "0": 0.9142033457756042,
            "1": 0.443536639213562
        },
        "1": {
            "0": 0.8071442246437073,
            "1": 0.8682432770729065
        }
    }
}