{
    "affinity_pred_value": 1.779595136642456,
    "affinity_probability_binary": 0.24398325383663177,
    "affinity_pred_value1": 1.5488122701644897,
    "affinity_probability_binary1": 0.16344201564788818,
    "affinity_pred_value2": 2.010378122329712,
    "affinity_probability_binary2": 0.32452449202537537
}