{
    "confidence_score": 0.8875295519828796,
    "ptm": 0.8089443445205688,
    "iptm": 0.927811324596405,
    "ligand_iptm": 0.927811324596405,
    "protein_iptm": 0.0,
    "complex_plddt": 0.8774591088294983,
    "complex_iplddt": 0.8024046421051025,
    "complex_pde": 0.6334901452064514,
    "complex_ipde": 1.5474052429199219,
    "chains_ptm": {
        "0": 0.8005987405776978,
        "1": 0.924416720867157
    },
    "pair_chains_iptm": {
        "0": {
            "0": 0.8005987405776978,
            "1": 0.4907906949520111
        },
        "1": {
            "0": 0.927811324596405,
            "1": 0.924416720867157
        }
    }
}