{
    "affinity_pred_value": 1.2269411087036133,
    "affinity_probability_binary": 0.1914934515953064,
    "affinity_pred_value1": 1.8168933391571045,
    "affinity_probability_binary1": 0.13666896522045135,
    "affinity_pred_value2": 0.6369887590408325,
    "affinity_probability_binary2": 0.24631795287132263
}