{
    "confidence_score": 0.8843097686767578,
    "ptm": 0.8682610988616943,
    "iptm": 0.8207589983940125,
    "ligand_iptm": 0.8207589983940125,
    "protein_iptm": 0.0,
    "complex_plddt": 0.900197446346283,
    "complex_iplddt": 0.7414944767951965,
    "complex_pde": 0.47401782870292664,
    "complex_ipde": 2.5829038619995117,
    "chains_ptm": {
        "0": 0.8726412653923035,
        "1": 0.9062085747718811
    },
    "pair_chains_iptm": {
        "0": {
            "0": 0.8726412653923035,
            "1": 0.3163641393184662
        },
        "1": {
            "0": 0.8207589983940125,
            "1": 0.9062085747718811
        }
    }
}