{
    "affinity_pred_value": 1.015821933746338,
    "affinity_probability_binary": 0.10711546242237091,
    "affinity_pred_value1": 1.2360564470291138,
    "affinity_probability_binary1": 0.0853952094912529,
    "affinity_pred_value2": 0.7955874800682068,
    "affinity_probability_binary2": 0.12883570790290833
}