{
    "confidence_score": 0.859836995601654,
    "ptm": 0.8147396445274353,
    "iptm": 0.8647186756134033,
    "ligand_iptm": 0.8647186756134033,
    "protein_iptm": 0.0,
    "complex_plddt": 0.8586164712905884,
    "complex_iplddt": 0.6165464520454407,
    "complex_pde": 0.6783743500709534,
    "complex_ipde": 3.345881223678589,
    "chains_ptm": {
        "0": 0.8277864456176758,
        "1": 0.9109251499176025
    },
    "pair_chains_iptm": {
        "0": {
            "0": 0.8277864456176758,
            "1": 0.29371824860572815
        },
        "1": {
            "0": 0.8647186756134033,
            "1": 0.9109251499176025
        }
    }
}