{
    "affinity_pred_value": 1.159759521484375,
    "affinity_probability_binary": 0.561922013759613,
    "affinity_pred_value1": 1.2971315383911133,
    "affinity_probability_binary1": 0.9316272139549255,
    "affinity_pred_value2": 1.0223875045776367,
    "affinity_probability_binary2": 0.19221678376197815
}