{
    "confidence_score": 0.856641948223114,
    "ptm": 0.8331925868988037,
    "iptm": 0.8757927417755127,
    "ligand_iptm": 0.8757927417755127,
    "protein_iptm": 0.0,
    "complex_plddt": 0.8518542051315308,
    "complex_iplddt": 0.6110394597053528,
    "complex_pde": 0.6607406139373779,
    "complex_ipde": 3.397864818572998,
    "chains_ptm": {
        "0": 0.8452891111373901,
        "1": 0.9215405583381653
    },
    "pair_chains_iptm": {
        "0": {
            "0": 0.8452891111373901,
            "1": 0.2695809602737427
        },
        "1": {
            "0": 0.8757927417755127,
            "1": 0.9215405583381653
        }
    }
}