{
    "affinity_pred_value": 0.24587669968605042,
    "affinity_probability_binary": 0.38100600242614746,
    "affinity_pred_value1": 0.07167183607816696,
    "affinity_probability_binary1": 0.4365173578262329,
    "affinity_pred_value2": 0.42008155584335327,
    "affinity_probability_binary2": 0.325494647026062
}