{
    "confidence_score": 0.8241851925849915,
    "ptm": 0.7286440134048462,
    "iptm": 0.8358291983604431,
    "ligand_iptm": 0.8358291983604431,
    "protein_iptm": 0.0,
    "complex_plddt": 0.8212741613388062,
    "complex_iplddt": 0.5076265931129456,
    "complex_pde": 1.1115633249282837,
    "complex_ipde": 5.242459774017334,
    "chains_ptm": {
        "0": 0.7634192705154419,
        "1": 0.8776340484619141
    },
    "pair_chains_iptm": {
        "0": {
            "0": 0.7634192705154419,
            "1": 0.3566898703575134
        },
        "1": {
            "0": 0.8358291983604431,
            "1": 0.8776340484619141
        }
    }
}