{
    "affinity_pred_value": 0.9139906764030457,
    "affinity_probability_binary": 0.22048981487751007,
    "affinity_pred_value1": 0.37593019008636475,
    "affinity_probability_binary1": 0.36479702591896057,
    "affinity_pred_value2": 1.4520511627197266,
    "affinity_probability_binary2": 0.07618259638547897
}