{
    "confidence_score": 0.8249915242195129,
    "ptm": 0.8595553636550903,
    "iptm": 0.776591956615448,
    "ligand_iptm": 0.776591956615448,
    "protein_iptm": 0.0,
    "complex_plddt": 0.8370914459228516,
    "complex_iplddt": 0.452792763710022,
    "complex_pde": 0.5741221904754639,
    "complex_ipde": 2.719393014907837,
    "chains_ptm": {
        "0": 0.8696529865264893,
        "1": 0.8772321939468384
    },
    "pair_chains_iptm": {
        "0": {
            "0": 0.8696529865264893,
            "1": 0.3288857936859131
        },
        "1": {
            "0": 0.776591956615448,
            "1": 0.8772321939468384
        }
    }
}