{
    "affinity_pred_value": 1.3826022148132324,
    "affinity_probability_binary": 0.07170730084180832,
    "affinity_pred_value1": 1.4143375158309937,
    "affinity_probability_binary1": 0.0031916985753923655,
    "affinity_pred_value2": 1.3508667945861816,
    "affinity_probability_binary2": 0.14022290706634521
}