{
    "confidence_score": 0.8800539970397949,
    "ptm": 0.9376003742218018,
    "iptm": 0.8396203517913818,
    "ligand_iptm": 0.8396203517913818,
    "protein_iptm": 0.0,
    "complex_plddt": 0.8901624083518982,
    "complex_iplddt": 0.7536842226982117,
    "complex_pde": 0.42053890228271484,
    "complex_ipde": 2.486050605773926,
    "chains_ptm": {
        "0": 0.9441916346549988,
        "1": 0.9421281814575195
    },
    "pair_chains_iptm": {
        "0": {
            "0": 0.9441916346549988,
            "1": 0.3670574724674225
        },
        "1": {
            "0": 0.8396203517913818,
            "1": 0.9421281814575195
        }
    }
}