{
    "affinity_pred_value": 1.531024694442749,
    "affinity_probability_binary": 0.2596644163131714,
    "affinity_pred_value1": 1.5359643697738647,
    "affinity_probability_binary1": 0.18957620859146118,
    "affinity_pred_value2": 1.5260850191116333,
    "affinity_probability_binary2": 0.3297526240348816
}