{
    "confidence_score": 0.8838033080101013,
    "ptm": 0.7950429320335388,
    "iptm": 0.9066019654273987,
    "ligand_iptm": 0.9066019654273987,
    "protein_iptm": 0.0,
    "complex_plddt": 0.8781036138534546,
    "complex_iplddt": 0.8340238928794861,
    "complex_pde": 0.6716299057006836,
    "complex_ipde": 1.8703155517578125,
    "chains_ptm": {
        "0": 0.78937166929245,
        "1": 0.9375017285346985
    },
    "pair_chains_iptm": {
        "0": {
            "0": 0.78937166929245,
            "1": 0.501479983329773
        },
        "1": {
            "0": 0.9066019654273987,
            "1": 0.9375017285346985
        }
    }
}