{
    "affinity_pred_value": 0.06920088827610016,
    "affinity_probability_binary": 0.07081077992916107,
    "affinity_pred_value1": 0.49272119998931885,
    "affinity_probability_binary1": 0.06286570429801941,
    "affinity_pred_value2": -0.35431942343711853,
    "affinity_probability_binary2": 0.07875584810972214
}