{
    "confidence_score": 0.8815135359764099,
    "ptm": 0.8661481142044067,
    "iptm": 0.8429016470909119,
    "ligand_iptm": 0.8429016470909119,
    "protein_iptm": 0.0,
    "complex_plddt": 0.8911665081977844,
    "complex_iplddt": 0.700718879699707,
    "complex_pde": 0.4922204613685608,
    "complex_ipde": 1.9383636713027954,
    "chains_ptm": {
        "0": 0.871835470199585,
        "1": 0.8667393922805786
    },
    "pair_chains_iptm": {
        "0": {
            "0": 0.871835470199585,
            "1": 0.4531955420970917
        },
        "1": {
            "0": 0.8429016470909119,
            "1": 0.8667393922805786
        }
    }
}