{
    "affinity_pred_value": 0.1081731915473938,
    "affinity_probability_binary": 0.1988774836063385,
    "affinity_pred_value1": 0.4498307704925537,
    "affinity_probability_binary1": 0.19150736927986145,
    "affinity_pred_value2": -0.2334843873977661,
    "affinity_probability_binary2": 0.20624759793281555
}