{
    "confidence_score": 0.8684906363487244,
    "ptm": 0.9444472193717957,
    "iptm": 0.8691949844360352,
    "ligand_iptm": 0.8691949844360352,
    "protein_iptm": 0.0,
    "complex_plddt": 0.8683144450187683,
    "complex_iplddt": 0.7300764322280884,
    "complex_pde": 0.500429093837738,
    "complex_ipde": 1.4759292602539062,
    "chains_ptm": {
        "0": 0.9528667330741882,
        "1": 0.9028971195220947
    },
    "pair_chains_iptm": {
        "0": {
            "0": 0.9528667330741882,
            "1": 0.5337187647819519
        },
        "1": {
            "0": 0.8691949844360352,
            "1": 0.9028971195220947
        }
    }
}