{
    "affinity_pred_value": -0.05210953950881958,
    "affinity_probability_binary": 0.21284529566764832,
    "affinity_pred_value1": 1.0681177377700806,
    "affinity_probability_binary1": 0.012503957375884056,
    "affinity_pred_value2": -1.1723368167877197,
    "affinity_probability_binary2": 0.413186639547348
}