{
    "confidence_score": 0.8840382695198059,
    "ptm": 0.867642343044281,
    "iptm": 0.8531275987625122,
    "ligand_iptm": 0.8531275987625122,
    "protein_iptm": 0.0,
    "complex_plddt": 0.8917658925056458,
    "complex_iplddt": 0.7466350197792053,
    "complex_pde": 0.5074261426925659,
    "complex_ipde": 2.4199438095092773,
    "chains_ptm": {
        "0": 0.8695871829986572,
        "1": 0.9374117851257324
    },
    "pair_chains_iptm": {
        "0": {
            "0": 0.8695871829986572,
            "1": 0.3522881865501404
        },
        "1": {
            "0": 0.8531275987625122,
            "1": 0.9374117851257324
        }
    }
}