{
    "affinity_pred_value": 1.0401709079742432,
    "affinity_probability_binary": 0.2457788586616516,
    "affinity_pred_value1": 0.8456757068634033,
    "affinity_probability_binary1": 0.25483307242393494,
    "affinity_pred_value2": 1.2346662282943726,
    "affinity_probability_binary2": 0.2367246299982071
}