{
    "confidence_score": 0.8071370124816895,
    "ptm": 0.8975452780723572,
    "iptm": 0.7825257182121277,
    "ligand_iptm": 0.7825257182121277,
    "protein_iptm": 0.0,
    "complex_plddt": 0.8132898211479187,
    "complex_iplddt": 0.6667321920394897,
    "complex_pde": 0.7792225480079651,
    "complex_ipde": 3.176363706588745,
    "chains_ptm": {
        "0": 0.9049698710441589,
        "1": 0.8842496871948242
    },
    "pair_chains_iptm": {
        "0": {
            "0": 0.9049698710441589,
            "1": 0.29627054929733276
        },
        "1": {
            "0": 0.7825257182121277,
            "1": 0.8842496871948242
        }
    }
}