{
    "affinity_pred_value": 0.18878266215324402,
    "affinity_probability_binary": 0.24540410935878754,
    "affinity_pred_value1": 1.2076619863510132,
    "affinity_probability_binary1": 0.13726934790611267,
    "affinity_pred_value2": -0.8300966620445251,
    "affinity_probability_binary2": 0.3535388708114624
}