{
    "confidence_score": 0.8734241724014282,
    "ptm": 0.9337358474731445,
    "iptm": 0.904115617275238,
    "ligand_iptm": 0.904115617275238,
    "protein_iptm": 0.0,
    "complex_plddt": 0.8657512664794922,
    "complex_iplddt": 0.7475395202636719,
    "complex_pde": 0.5208128094673157,
    "complex_ipde": 1.1793431043624878,
    "chains_ptm": {
        "0": 0.9373100399971008,
        "1": 0.9104406237602234
    },
    "pair_chains_iptm": {
        "0": {
            "0": 0.9373100399971008,
            "1": 0.5501715540885925
        },
        "1": {
            "0": 0.904115617275238,
            "1": 0.9104406237602234
        }
    }
}