{
    "affinity_pred_value": 0.731032133102417,
    "affinity_probability_binary": 0.20692968368530273,
    "affinity_pred_value1": 0.640765905380249,
    "affinity_probability_binary1": 0.1593058854341507,
    "affinity_pred_value2": 0.8212983012199402,
    "affinity_probability_binary2": 0.25455349683761597
}