{
    "confidence_score": 0.8904738426208496,
    "ptm": 0.9474136829376221,
    "iptm": 0.9106526970863342,
    "ligand_iptm": 0.9106526970863342,
    "protein_iptm": 0.0,
    "complex_plddt": 0.8854290843009949,
    "complex_iplddt": 0.8054445385932922,
    "complex_pde": 0.4497084617614746,
    "complex_ipde": 1.1664199829101562,
    "chains_ptm": {
        "0": 0.9508525729179382,
        "1": 0.9644059538841248
    },
    "pair_chains_iptm": {
        "0": {
            "0": 0.9508525729179382,
            "1": 0.5969159007072449
        },
        "1": {
            "0": 0.9106526970863342,
            "1": 0.9644059538841248
        }
    }
}