{
    "affinity_pred_value": 0.7120329737663269,
    "affinity_probability_binary": 0.09382343292236328,
    "affinity_pred_value1": 0.8708541989326477,
    "affinity_probability_binary1": 0.054198723286390305,
    "affinity_pred_value2": 0.5532117486000061,
    "affinity_probability_binary2": 0.13344813883304596
}