{
    "confidence_score": 0.8431704640388489,
    "ptm": 0.7037427425384521,
    "iptm": 0.8294500112533569,
    "ligand_iptm": 0.8294500112533569,
    "protein_iptm": 0.0,
    "complex_plddt": 0.8466005921363831,
    "complex_iplddt": 0.7418231964111328,
    "complex_pde": 0.9998297095298767,
    "complex_ipde": 4.387714862823486,
    "chains_ptm": {
        "0": 0.6923804879188538,
        "1": 0.8565990924835205
    },
    "pair_chains_iptm": {
        "0": {
            "0": 0.6923804879188538,
            "1": 0.38911089301109314
        },
        "1": {
            "0": 0.8294500112533569,
            "1": 0.8565990924835205
        }
    }
}