{
    "affinity_pred_value": 0.6267057061195374,
    "affinity_probability_binary": 0.11775901168584824,
    "affinity_pred_value1": 0.9250873327255249,
    "affinity_probability_binary1": 0.1286725401878357,
    "affinity_pred_value2": 0.3283240795135498,
    "affinity_probability_binary2": 0.10684548318386078
}