{
    "confidence_score": 0.90651935338974,
    "ptm": 0.8846692442893982,
    "iptm": 0.8892045617103577,
    "ligand_iptm": 0.8892045617103577,
    "protein_iptm": 0.0,
    "complex_plddt": 0.9108479619026184,
    "complex_iplddt": 0.8501750230789185,
    "complex_pde": 0.420037180185318,
    "complex_ipde": 1.3895646333694458,
    "chains_ptm": {
        "0": 0.88566654920578,
        "1": 0.8907783627510071
    },
    "pair_chains_iptm": {
        "0": {
            "0": 0.88566654920578,
            "1": 0.5071271061897278
        },
        "1": {
            "0": 0.8892045617103577,
            "1": 0.8907783627510071
        }
    }
}