{
    "affinity_pred_value": 2.028512954711914,
    "affinity_probability_binary": 0.21232283115386963,
    "affinity_pred_value1": 1.8105818033218384,
    "affinity_probability_binary1": 0.27020689845085144,
    "affinity_pred_value2": 2.2464442253112793,
    "affinity_probability_binary2": 0.15443874895572662
}