{
    "confidence_score": 0.8916006088256836,
    "ptm": 0.946595311164856,
    "iptm": 0.9170830249786377,
    "ligand_iptm": 0.9170830249786377,
    "protein_iptm": 0.0,
    "complex_plddt": 0.8852300047874451,
    "complex_iplddt": 0.8180815577507019,
    "complex_pde": 0.45015162229537964,
    "complex_ipde": 1.2581419944763184,
    "chains_ptm": {
        "0": 0.9491001963615417,
        "1": 0.9452742338180542
    },
    "pair_chains_iptm": {
        "0": {
            "0": 0.9491001963615417,
            "1": 0.5329070687294006
        },
        "1": {
            "0": 0.9170830249786377,
            "1": 0.9452742338180542
        }
    }
}