{
    "affinity_pred_value": 3.761333703994751,
    "affinity_probability_binary": 0.04928063973784447,
    "affinity_pred_value1": 4.142292022705078,
    "affinity_probability_binary1": 0.0010700271232053638,
    "affinity_pred_value2": 3.380375385284424,
    "affinity_probability_binary2": 0.09749124944210052
}