{
    "confidence_score": 0.883598268032074,
    "ptm": 0.865815281867981,
    "iptm": 0.874618649482727,
    "ligand_iptm": 0.874618649482727,
    "protein_iptm": 0.0,
    "complex_plddt": 0.8858431577682495,
    "complex_iplddt": 0.6663763523101807,
    "complex_pde": 0.44824326038360596,
    "complex_ipde": 1.7437670230865479,
    "chains_ptm": {
        "0": 0.8667466044425964,
        "1": 0.9378529191017151
    },
    "pair_chains_iptm": {
        "0": {
            "0": 0.8667466044425964,
            "1": 0.31889650225639343
        },
        "1": {
            "0": 0.874618649482727,
            "1": 0.9378529191017151
        }
    }
}