{
    "affinity_pred_value": 2.340985059738159,
    "affinity_probability_binary": 0.11423181742429733,
    "affinity_pred_value1": 2.6417274475097656,
    "affinity_probability_binary1": 0.04344697669148445,
    "affinity_pred_value2": 2.0402426719665527,
    "affinity_probability_binary2": 0.1850166618824005
}