{
    "confidence_score": 0.8402997255325317,
    "ptm": 0.9197211265563965,
    "iptm": 0.8095618486404419,
    "ligand_iptm": 0.8095618486404419,
    "protein_iptm": 0.0,
    "complex_plddt": 0.8479841351509094,
    "complex_iplddt": 0.6636726260185242,
    "complex_pde": 0.6259021759033203,
    "complex_ipde": 2.394030809402466,
    "chains_ptm": {
        "0": 0.9279632568359375,
        "1": 0.8863298296928406
    },
    "pair_chains_iptm": {
        "0": {
            "0": 0.9279632568359375,
            "1": 0.40598925948143005
        },
        "1": {
            "0": 0.8095618486404419,
            "1": 0.8863298296928406
        }
    }
}