{
    "affinity_pred_value": 0.19481593370437622,
    "affinity_probability_binary": 0.11140699684619904,
    "affinity_pred_value1": 0.20698466897010803,
    "affinity_probability_binary1": 0.14362819492816925,
    "affinity_pred_value2": 0.1826471984386444,
    "affinity_probability_binary2": 0.07918579131364822
}