{
    "confidence_score": 0.8811414837837219,
    "ptm": 0.8353888392448425,
    "iptm": 0.8742964267730713,
    "ligand_iptm": 0.8742964267730713,
    "protein_iptm": 0.0,
    "complex_plddt": 0.8828527331352234,
    "complex_iplddt": 0.815416693687439,
    "complex_pde": 0.6295880079269409,
    "complex_ipde": 2.052558422088623,
    "chains_ptm": {
        "0": 0.832642674446106,
        "1": 0.88866126537323
    },
    "pair_chains_iptm": {
        "0": {
            "0": 0.832642674446106,
            "1": 0.5076112747192383
        },
        "1": {
            "0": 0.8742964267730713,
            "1": 0.88866126537323
        }
    }
}