{
    "affinity_pred_value": 0.8230807781219482,
    "affinity_probability_binary": 0.46767860651016235,
    "affinity_pred_value1": 1.0054312944412231,
    "affinity_probability_binary1": 0.5708501935005188,
    "affinity_pred_value2": 0.6407302021980286,
    "affinity_probability_binary2": 0.3645070195198059
}