{
    "confidence_score": 0.8680996894836426,
    "ptm": 0.8466787934303284,
    "iptm": 0.9082381725311279,
    "ligand_iptm": 0.9082381725311279,
    "protein_iptm": 0.0,
    "complex_plddt": 0.8580650687217712,
    "complex_iplddt": 0.6375155448913574,
    "complex_pde": 0.5151728987693787,
    "complex_ipde": 1.449410080909729,
    "chains_ptm": {
        "0": 0.863196849822998,
        "1": 0.9076188206672668
    },
    "pair_chains_iptm": {
        "0": {
            "0": 0.863196849822998,
            "1": 0.47604066133499146
        },
        "1": {
            "0": 0.9082381725311279,
            "1": 0.9076188206672668
        }
    }
}