{
    "affinity_pred_value": 1.0528526306152344,
    "affinity_probability_binary": 0.11683094501495361,
    "affinity_pred_value1": 0.7093101739883423,
    "affinity_probability_binary1": 0.07545135915279388,
    "affinity_pred_value2": 1.396395206451416,
    "affinity_probability_binary2": 0.15821053087711334
}