{
    "confidence_score": 0.8743772506713867,
    "ptm": 0.8114461302757263,
    "iptm": 0.861402153968811,
    "ligand_iptm": 0.861402153968811,
    "protein_iptm": 0.0,
    "complex_plddt": 0.8776209950447083,
    "complex_iplddt": 0.7460251450538635,
    "complex_pde": 0.6339800953865051,
    "complex_ipde": 2.611008644104004,
    "chains_ptm": {
        "0": 0.8228622674942017,
        "1": 0.9305019974708557
    },
    "pair_chains_iptm": {
        "0": {
            "0": 0.8228622674942017,
            "1": 0.323933482170105
        },
        "1": {
            "0": 0.861402153968811,
            "1": 0.9305019974708557
        }
    }
}