{
    "affinity_pred_value": 0.31273630261421204,
    "affinity_probability_binary": 0.13380692899227142,
    "affinity_pred_value1": -0.26097166538238525,
    "affinity_probability_binary1": 0.17431186139583588,
    "affinity_pred_value2": 0.8864442706108093,
    "affinity_probability_binary2": 0.09330198913812637
}