{
    "confidence_score": 0.7950682640075684,
    "ptm": 0.9121658205986023,
    "iptm": 0.7961088418960571,
    "ligand_iptm": 0.7961088418960571,
    "protein_iptm": 0.0,
    "complex_plddt": 0.7948081493377686,
    "complex_iplddt": 0.523396909236908,
    "complex_pde": 0.6973701119422913,
    "complex_ipde": 2.4771347045898438,
    "chains_ptm": {
        "0": 0.9265807867050171,
        "1": 0.8731396794319153
    },
    "pair_chains_iptm": {
        "0": {
            "0": 0.9265807867050171,
            "1": 0.4524359703063965
        },
        "1": {
            "0": 0.7961088418960571,
            "1": 0.8731396794319153
        }
    }
}