{
    "affinity_pred_value": 0.5168205499649048,
    "affinity_probability_binary": 0.3221867084503174,
    "affinity_pred_value1": 1.5039626359939575,
    "affinity_probability_binary1": 0.2561684548854828,
    "affinity_pred_value2": -0.4703214764595032,
    "affinity_probability_binary2": 0.38820499181747437
}