{
    "confidence_score": 0.8906397223472595,
    "ptm": 0.9308744072914124,
    "iptm": 0.9378764033317566,
    "ligand_iptm": 0.9378764033317566,
    "protein_iptm": 0.0,
    "complex_plddt": 0.8788304924964905,
    "complex_iplddt": 0.8357720971107483,
    "complex_pde": 0.5544241666793823,
    "complex_ipde": 1.236142873764038,
    "chains_ptm": {
        "0": 0.9302082061767578,
        "1": 0.917206883430481
    },
    "pair_chains_iptm": {
        "0": {
            "0": 0.9302082061767578,
            "1": 0.6601071357727051
        },
        "1": {
            "0": 0.9378764033317566,
            "1": 0.917206883430481
        }
    }
}