{
    "affinity_pred_value": 1.110590934753418,
    "affinity_probability_binary": 0.06633499264717102,
    "affinity_pred_value1": 0.9969738721847534,
    "affinity_probability_binary1": 0.03216876462101936,
    "affinity_pred_value2": 1.224208116531372,
    "affinity_probability_binary2": 0.10050122439861298
}