{
    "confidence_score": 0.912124752998352,
    "ptm": 0.863935112953186,
    "iptm": 0.8516693711280823,
    "ligand_iptm": 0.8516693711280823,
    "protein_iptm": 0.0,
    "complex_plddt": 0.9272385835647583,
    "complex_iplddt": 0.9019452929496765,
    "complex_pde": 0.4681515693664551,
    "complex_ipde": 2.3503637313842773,
    "chains_ptm": {
        "0": 0.8656610250473022,
        "1": 0.9412423968315125
    },
    "pair_chains_iptm": {
        "0": {
            "0": 0.8656610250473022,
            "1": 0.3475724160671234
        },
        "1": {
            "0": 0.8516693711280823,
            "1": 0.9412423968315125
        }
    }
}