{
    "affinity_pred_value": 0.2850451171398163,
    "affinity_probability_binary": 0.34269505739212036,
    "affinity_pred_value1": 1.3737658262252808,
    "affinity_probability_binary1": 0.16555048525333405,
    "affinity_pred_value2": -0.8036755919456482,
    "affinity_probability_binary2": 0.5198396444320679
}