{
    "confidence_score": 0.883080780506134,
    "ptm": 0.9258670210838318,
    "iptm": 0.9151578545570374,
    "ligand_iptm": 0.9151578545570374,
    "protein_iptm": 0.0,
    "complex_plddt": 0.8750615119934082,
    "complex_iplddt": 0.7976952195167542,
    "complex_pde": 0.5588153600692749,
    "complex_ipde": 1.3224738836288452,
    "chains_ptm": {
        "0": 0.9270455241203308,
        "1": 0.9163222312927246
    },
    "pair_chains_iptm": {
        "0": {
            "0": 0.9270455241203308,
            "1": 0.6413867473602295
        },
        "1": {
            "0": 0.9151578545570374,
            "1": 0.9163222312927246
        }
    }
}