{
  "validation": {
    "mse": 0.453159362077713,
    "rmse": 0.6731711239185123,
    "mae": 0.4896746873855591,
    "median_ae": 0.35756540298461914,
    "r2": 0.7742773294448853,
    "explained_variance": 0.7743072509765625,
    "pearson_r": 0.879958874372717
  },
  "test": {
    "mse": 0.4530757963657379,
    "rmse": 0.6731090523575938,
    "mae": 0.4890134334564209,
    "median_ae": 0.35570383071899414,
    "r2": 0.7744045257568359,
    "explained_variance": 0.7744206190109253,
    "pearson_r": 0.8800196777548128
  }
}