{
    "affinity_pred_value": 1.0379219055175781,
    "affinity_probability_binary": 0.14666207134723663,
    "affinity_pred_value1": 1.5214523077011108,
    "affinity_probability_binary1": 0.11591475456953049,
    "affinity_pred_value2": 0.5543915033340454,
    "affinity_probability_binary2": 0.17740939557552338
}