{
    "confidence_score": 0.8172376751899719,
    "ptm": 0.7508610486984253,
    "iptm": 0.8054784536361694,
    "ligand_iptm": 0.8054784536361694,
    "protein_iptm": 0.0,
    "complex_plddt": 0.820177435874939,
    "complex_iplddt": 0.4610237777233124,
    "complex_pde": 1.138648271560669,
    "complex_ipde": 6.449201583862305,
    "chains_ptm": {
        "0": 0.7861102223396301,
        "1": 0.8710229992866516
    },
    "pair_chains_iptm": {
        "0": {
            "0": 0.7861102223396301,
            "1": 0.33063754439353943
        },
        "1": {
            "0": 0.8054784536361694,
            "1": 0.8710229992866516
        }
    }
}