{
    "affinity_pred_value": 0.25952231884002686,
    "affinity_probability_binary": 0.11588927358388901,
    "affinity_pred_value1": 0.9343711137771606,
    "affinity_probability_binary1": 0.056136731058359146,
    "affinity_pred_value2": -0.4153265058994293,
    "affinity_probability_binary2": 0.17564181983470917
}