{
    "confidence_score": 0.8797856569290161,
    "ptm": 0.9442057013511658,
    "iptm": 0.918976902961731,
    "ligand_iptm": 0.918976902961731,
    "protein_iptm": 0.0,
    "complex_plddt": 0.8699877858161926,
    "complex_iplddt": 0.740767776966095,
    "complex_pde": 0.4650731086730957,
    "complex_ipde": 1.011717677116394,
    "chains_ptm": {
        "0": 0.9473192691802979,
        "1": 0.9134491682052612
    },
    "pair_chains_iptm": {
        "0": {
            "0": 0.9473192691802979,
            "1": 0.5931354761123657
        },
        "1": {
            "0": 0.918976902961731,
            "1": 0.9134491682052612
        }
    }
}