{
    "affinity_pred_value": -0.1347581297159195,
    "affinity_probability_binary": 0.20507630705833435,
    "affinity_pred_value1": 0.07161321491003036,
    "affinity_probability_binary1": 0.09703563153743744,
    "affinity_pred_value2": -0.34112948179244995,
    "affinity_probability_binary2": 0.31311699748039246
}