{
    "confidence_score": 0.8678766489028931,
    "ptm": 0.8393348455429077,
    "iptm": 0.9321436285972595,
    "ligand_iptm": 0.9321436285972595,
    "protein_iptm": 0.0,
    "complex_plddt": 0.8518099188804626,
    "complex_iplddt": 0.6861675381660461,
    "complex_pde": 0.6143923401832581,
    "complex_ipde": 1.857477068901062,
    "chains_ptm": {
        "0": 0.8353637456893921,
        "1": 0.9094207882881165
    },
    "pair_chains_iptm": {
        "0": {
            "0": 0.8353637456893921,
            "1": 0.5117518305778503
        },
        "1": {
            "0": 0.9321436285972595,
            "1": 0.9094207882881165
        }
    }
}