{
    "affinity_pred_value": 1.1049129962921143,
    "affinity_probability_binary": 0.23306912183761597,
    "affinity_pred_value1": 1.1984105110168457,
    "affinity_probability_binary1": 0.22544245421886444,
    "affinity_pred_value2": 1.0114154815673828,
    "affinity_probability_binary2": 0.2406957745552063
}