{
    "confidence_score": 0.9187392592430115,
    "ptm": 0.8785397410392761,
    "iptm": 0.9204891324043274,
    "ligand_iptm": 0.9204891324043274,
    "protein_iptm": 0.0,
    "complex_plddt": 0.9183017015457153,
    "complex_iplddt": 0.8807584643363953,
    "complex_pde": 0.3956262469291687,
    "complex_ipde": 0.9053555130958557,
    "chains_ptm": {
        "0": 0.8763132691383362,
        "1": 0.8838021159172058
    },
    "pair_chains_iptm": {
        "0": {
            "0": 0.8763132691383362,
            "1": 0.3714517056941986
        },
        "1": {
            "0": 0.9204891324043274,
            "1": 0.8838021159172058
        }
    }
}