{
    "affinity_pred_value": 0.4117726981639862,
    "affinity_probability_binary": 0.13295425474643707,
    "affinity_pred_value1": 0.7555446624755859,
    "affinity_probability_binary1": 0.13216416537761688,
    "affinity_pred_value2": 0.06800071895122528,
    "affinity_probability_binary2": 0.13374434411525726
}