{
    "confidence_score": 0.8493399620056152,
    "ptm": 0.8657239675521851,
    "iptm": 0.7808852791786194,
    "ligand_iptm": 0.7808852791786194,
    "protein_iptm": 0.0,
    "complex_plddt": 0.8664535880088806,
    "complex_iplddt": 0.5885511040687561,
    "complex_pde": 0.5698021650314331,
    "complex_ipde": 2.850719690322876,
    "chains_ptm": {
        "0": 0.8788184523582458,
        "1": 0.8754679560661316
    },
    "pair_chains_iptm": {
        "0": {
            "0": 0.8788184523582458,
            "1": 0.3384895622730255
        },
        "1": {
            "0": 0.7808852791786194,
            "1": 0.8754679560661316
        }
    }
}