{
    "affinity_pred_value": -0.47975441813468933,
    "affinity_probability_binary": 0.20501556992530823,
    "affinity_pred_value1": -0.11195479333400726,
    "affinity_probability_binary1": 0.20441173017024994,
    "affinity_pred_value2": -0.8475540280342102,
    "affinity_probability_binary2": 0.2056194245815277
}