{
    "confidence_score": 0.8459506034851074,
    "ptm": 0.7796503901481628,
    "iptm": 0.8407410383224487,
    "ligand_iptm": 0.8407410383224487,
    "protein_iptm": 0.0,
    "complex_plddt": 0.8472530245780945,
    "complex_iplddt": 0.6230968236923218,
    "complex_pde": 0.800175130367279,
    "complex_ipde": 3.347865343093872,
    "chains_ptm": {
        "0": 0.805877149105072,
        "1": 0.8574498295783997
    },
    "pair_chains_iptm": {
        "0": {
            "0": 0.805877149105072,
            "1": 0.3094181716442108
        },
        "1": {
            "0": 0.8407410383224487,
            "1": 0.8574498295783997
        }
    }
}