{
    "affinity_pred_value": 1.1370291709899902,
    "affinity_probability_binary": 0.3742944598197937,
    "affinity_pred_value1": 1.1304200887680054,
    "affinity_probability_binary1": 0.5078780055046082,
    "affinity_pred_value2": 1.1436381340026855,
    "affinity_probability_binary2": 0.24071088433265686
}