{
    "confidence_score": 0.859144389629364,
    "ptm": 0.8201473951339722,
    "iptm": 0.8599196672439575,
    "ligand_iptm": 0.8599196672439575,
    "protein_iptm": 0.0,
    "complex_plddt": 0.8589505553245544,
    "complex_iplddt": 0.616226851940155,
    "complex_pde": 0.6808581948280334,
    "complex_ipde": 3.8552439212799072,
    "chains_ptm": {
        "0": 0.8313809037208557,
        "1": 0.9351912140846252
    },
    "pair_chains_iptm": {
        "0": {
            "0": 0.8313809037208557,
            "1": 0.3033279776573181
        },
        "1": {
            "0": 0.8599196672439575,
            "1": 0.9351912140846252
        }
    }
}