{
    "affinity_pred_value": 0.14964956045150757,
    "affinity_probability_binary": 0.20833364129066467,
    "affinity_pred_value1": 0.4452635645866394,
    "affinity_probability_binary1": 0.2721199095249176,
    "affinity_pred_value2": -0.14596442878246307,
    "affinity_probability_binary2": 0.14454737305641174
}