{
    "confidence_score": 0.8708550333976746,
    "ptm": 0.9458057880401611,
    "iptm": 0.9151565432548523,
    "ligand_iptm": 0.9151565432548523,
    "protein_iptm": 0.0,
    "complex_plddt": 0.8597797155380249,
    "complex_iplddt": 0.703732967376709,
    "complex_pde": 0.4558204114437103,
    "complex_ipde": 1.0412932634353638,
    "chains_ptm": {
        "0": 0.9505504369735718,
        "1": 0.9094657301902771
    },
    "pair_chains_iptm": {
        "0": {
            "0": 0.9505504369735718,
            "1": 0.6090015172958374
        },
        "1": {
            "0": 0.9151565432548523,
            "1": 0.9094657301902771
        }
    }
}