{
    "affinity_pred_value": 2.3076024055480957,
    "affinity_probability_binary": 0.21471114456653595,
    "affinity_pred_value1": 2.17692232131958,
    "affinity_probability_binary1": 0.26499539613723755,
    "affinity_pred_value2": 2.4382824897766113,
    "affinity_probability_binary2": 0.16442689299583435
}