{
    "confidence_score": 0.8479127883911133,
    "ptm": 0.920983612537384,
    "iptm": 0.8565848469734192,
    "ligand_iptm": 0.8565848469734192,
    "protein_iptm": 0.0,
    "complex_plddt": 0.8457447290420532,
    "complex_iplddt": 0.6774886846542358,
    "complex_pde": 0.5734962224960327,
    "complex_ipde": 1.8068938255310059,
    "chains_ptm": {
        "0": 0.9248226881027222,
        "1": 0.9228906631469727
    },
    "pair_chains_iptm": {
        "0": {
            "0": 0.9248226881027222,
            "1": 0.4095832109451294
        },
        "1": {
            "0": 0.8565848469734192,
            "1": 0.9228906631469727
        }
    }
}