{
    "affinity_pred_value": 0.00413629412651062,
    "affinity_probability_binary": 0.13346657156944275,
    "affinity_pred_value1": -0.391868531703949,
    "affinity_probability_binary1": 0.10659201443195343,
    "affinity_pred_value2": 0.4001411199569702,
    "affinity_probability_binary2": 0.16034112870693207
}