{
    "confidence_score": 0.8848754167556763,
    "ptm": 0.8236929774284363,
    "iptm": 0.9208220839500427,
    "ligand_iptm": 0.9208220839500427,
    "protein_iptm": 0.0,
    "complex_plddt": 0.8758887648582458,
    "complex_iplddt": 0.7914697527885437,
    "complex_pde": 0.6773489117622375,
    "complex_ipde": 1.6794979572296143,
    "chains_ptm": {
        "0": 0.8154410123825073,
        "1": 0.8904821276664734
    },
    "pair_chains_iptm": {
        "0": {
            "0": 0.8154410123825073,
            "1": 0.5741099119186401
        },
        "1": {
            "0": 0.9208220839500427,
            "1": 0.8904821276664734
        }
    }
}