{
    "affinity_pred_value": 0.39916130900382996,
    "affinity_probability_binary": 0.272268682718277,
    "affinity_pred_value1": -0.3132665753364563,
    "affinity_probability_binary1": 0.48430967330932617,
    "affinity_pred_value2": 1.1115891933441162,
    "affinity_probability_binary2": 0.06022766977548599
}