{
    "confidence_score": 0.8396806716918945,
    "ptm": 0.8651224374771118,
    "iptm": 0.8478817939758301,
    "ligand_iptm": 0.8478817939758301,
    "protein_iptm": 0.0,
    "complex_plddt": 0.8376303911209106,
    "complex_iplddt": 0.4863818287849426,
    "complex_pde": 0.5036660432815552,
    "complex_ipde": 1.9451570510864258,
    "chains_ptm": {
        "0": 0.8688293099403381,
        "1": 0.8941382765769958
    },
    "pair_chains_iptm": {
        "0": {
            "0": 0.8688293099403381,
            "1": 0.40339112281799316
        },
        "1": {
            "0": 0.8478817939758301,
            "1": 0.8941382765769958
        }
    }
}