{
    "affinity_pred_value": 1.5581531524658203,
    "affinity_probability_binary": 0.10583597421646118,
    "affinity_pred_value1": 1.7968891859054565,
    "affinity_probability_binary1": 0.11806521564722061,
    "affinity_pred_value2": 1.319417119026184,
    "affinity_probability_binary2": 0.09360673278570175
}