{
    "confidence_score": 0.8772484660148621,
    "ptm": 0.8629616498947144,
    "iptm": 0.765801727771759,
    "ligand_iptm": 0.765801727771759,
    "protein_iptm": 0.0,
    "complex_plddt": 0.9051101207733154,
    "complex_iplddt": 0.7397277355194092,
    "complex_pde": 0.5647556185722351,
    "complex_ipde": 3.3717825412750244,
    "chains_ptm": {
        "0": 0.8706479072570801,
        "1": 0.9143849015235901
    },
    "pair_chains_iptm": {
        "0": {
            "0": 0.8706479072570801,
            "1": 0.264443039894104
        },
        "1": {
            "0": 0.765801727771759,
            "1": 0.9143849015235901
        }
    }
}