{
    "affinity_pred_value": -0.18808571994304657,
    "affinity_probability_binary": 0.17319422960281372,
    "affinity_pred_value1": -0.034384213387966156,
    "affinity_probability_binary1": 0.1280047744512558,
    "affinity_pred_value2": -0.3417872190475464,
    "affinity_probability_binary2": 0.21838369965553284
}