{
    "confidence_score": 0.9135171175003052,
    "ptm": 0.8698508143424988,
    "iptm": 0.9012162089347839,
    "ligand_iptm": 0.9012162089347839,
    "protein_iptm": 0.0,
    "complex_plddt": 0.9165922999382019,
    "complex_iplddt": 0.8626120090484619,
    "complex_pde": 0.4312649667263031,
    "complex_ipde": 0.9472999572753906,
    "chains_ptm": {
        "0": 0.868305504322052,
        "1": 0.8612034320831299
    },
    "pair_chains_iptm": {
        "0": {
            "0": 0.868305504322052,
            "1": 0.46334266662597656
        },
        "1": {
            "0": 0.9012162089347839,
            "1": 0.8612034320831299
        }
    }
}