{
    "affinity_pred_value": 1.6540179252624512,
    "affinity_probability_binary": 0.13984359800815582,
    "affinity_pred_value1": 1.7200727462768555,
    "affinity_probability_binary1": 0.16072560846805573,
    "affinity_pred_value2": 1.5879631042480469,
    "affinity_probability_binary2": 0.11896158754825592
}