{
    "confidence_score": 0.9120969176292419,
    "ptm": 0.8708590865135193,
    "iptm": 0.8977916836738586,
    "ligand_iptm": 0.8977916836738586,
    "protein_iptm": 0.0,
    "complex_plddt": 0.9156731963157654,
    "complex_iplddt": 0.8680968880653381,
    "complex_pde": 0.41832342743873596,
    "complex_ipde": 1.6434537172317505,
    "chains_ptm": {
        "0": 0.8704485893249512,
        "1": 0.9543941020965576
    },
    "pair_chains_iptm": {
        "0": {
            "0": 0.8704485893249512,
            "1": 0.3988683819770813
        },
        "1": {
            "0": 0.8977916836738586,
            "1": 0.9543941020965576
        }
    }
}