{
    "affinity_pred_value": -0.3171997368335724,
    "affinity_probability_binary": 0.6201969385147095,
    "affinity_pred_value1": -0.20283707976341248,
    "affinity_probability_binary1": 0.7073980569839478,
    "affinity_pred_value2": -0.4315623939037323,
    "affinity_probability_binary2": 0.5329958200454712
}