{
    "confidence_score": 0.876552402973175,
    "ptm": 0.9309087991714478,
    "iptm": 0.9213628768920898,
    "ligand_iptm": 0.9213628768920898,
    "protein_iptm": 0.0,
    "complex_plddt": 0.8653497695922852,
    "complex_iplddt": 0.7801210880279541,
    "complex_pde": 0.5399114489555359,
    "complex_ipde": 1.1763536930084229,
    "chains_ptm": {
        "0": 0.9323960542678833,
        "1": 0.8792031407356262
    },
    "pair_chains_iptm": {
        "0": {
            "0": 0.9323960542678833,
            "1": 0.6970028877258301
        },
        "1": {
            "0": 0.9213628768920898,
            "1": 0.8792031407356262
        }
    }
}