{
    "affinity_pred_value": 1.3657450675964355,
    "affinity_probability_binary": 0.43478092551231384,
    "affinity_pred_value1": 1.1025391817092896,
    "affinity_probability_binary1": 0.6532922387123108,
    "affinity_pred_value2": 1.628950834274292,
    "affinity_probability_binary2": 0.2162696123123169
}