{
    "confidence_score": 0.8444533348083496,
    "ptm": 0.9005520343780518,
    "iptm": 0.7685789465904236,
    "ligand_iptm": 0.7685789465904236,
    "protein_iptm": 0.0,
    "complex_plddt": 0.8634219169616699,
    "complex_iplddt": 0.7148702144622803,
    "complex_pde": 0.6721938252449036,
    "complex_ipde": 2.5218467712402344,
    "chains_ptm": {
        "0": 0.9113362431526184,
        "1": 0.883208155632019
    },
    "pair_chains_iptm": {
        "0": {
            "0": 0.9113362431526184,
            "1": 0.31165480613708496
        },
        "1": {
            "0": 0.7685789465904236,
            "1": 0.883208155632019
        }
    }
}